<?xml version="1.0" encoding="UTF-8"?>
<project xmlns="http://maven.apache.org/POM/4.0.0" xmlns:xsi="http://www.w3.org/2001/XMLSchema-instance" xsi:schemaLocation="http://maven.apache.org/POM/4.0.0 http://maven.apache.org/maven-v4_0_0.xsd">
  <modelVersion>4.0.0</modelVersion>
  <groupId>edu.stevens.cs548</groupId>
  <artifactId>ClinicSoapWebServiceClient</artifactId>
  <version>1.0.0</version>
  <build>
    <sourceDirectory>src/main/java</sourceDirectory>
    <plugins>
      <plugin>
        <artifactId>maven-compiler-plugin</artifactId>
        <version>3.1</version>
        <configuration>
          <source>1.8</source>
          <target>1.8</target>
        </configuration>
      </plugin>
      <plugin>
        <groupId>org.jvnet.jax-ws-commons</groupId>
        <artifactId>jaxws-maven-plugin</artifactId>
        <version>2.3</version>
        <executions>
          <execution>
            <goals>
              <goal>wsimport</goal>
            </goals>
            <configuration>
              <wsdlDirectory>src/main/resources</wsdlDirectory>
              <wsdlFiles>
                <wsdlFile>PatientWebService.wsdl</wsdlFile>
                <wsdlFile>ProviderWebService.wsdl</wsdlFile>
              </wsdlFiles>
              <vmArgs>
                <vmArg>-Djavax.xml.accessExternalDTD=all</vmArg>
                <vmArg>-Djavax.xml.accessExternalSchema=all</vmArg>
              </vmArgs>
            </configuration>
          </execution>
        </executions>
      </plugin>
      <plugin>
        <artifactId>maven-shade-plugin</artifactId>
        <version>2.3</version>
        <executions>
          <execution>
            <phase>package</phase>
            <goals>
              <goal>shade</goal>
            </goals>
            <configuration>
              <filters>
                <filter>
                  <artifact>*:*</artifact>
                  <excludes>
                    <exclude>META-INF/*.SF</exclude>
                    <exclude>META-INF/*.DSA</exclude>
                    <exclude>META-INF/*.RSA</exclude>
                  </excludes>
                </filter>
              </filters>
              <transformers>
                <transformer>
                  <mainClass>edu.stevens.cs548.clinic.service.web.soap.client.App</mainClass>
                </transformer>
              </transformers>
              <minimizeJar>false</minimizeJar>
            </configuration>
          </execution>
        </executions>
      </plugin>
      <plugin>
        <artifactId>maven-antrun-plugin</artifactId>
        <executions>
          <execution>
            <phase>package</phase>
            <goals>
              <goal>run</goal>
            </goals>
            <configuration>
              <tasks>
                <delete />
                <copy />
              </tasks>
            </configuration>
          </execution>
        </executions>
      </plugin>
    </plugins>
  </build>
  <dependencies>
    <dependency>
      <groupId>junit</groupId>
      <artifactId>junit</artifactId>
      <version>3.8.1</version>
      <scope>test</scope>
    </dependency>
  </dependencies>
  <properties>
    <clinic.name>ClinicAppSoapClient</clinic.name>
    <clinic.dist>${user.home}/cs548</clinic.dist>
    <project.build.sourceEncoding>UTF-8</project.build.sourceEncoding>
  </properties>
</project>

